{
  "study1": {
    "roc_auc": 0.8697466151843942,
    "accuracy": 0.7961400606561897,
    "f1": 0.733880896991565,
    "precision": 0.6718215811965811,
    "recall": 0.808641975308642
  },
  "study2": {
    "roc_auc": 0.6688666942075122,
    "accuracy": 0.6258599931200551,
    "f1": 0.6759691869225467,
    "precision": 0.6644936862977007,
    "recall": 0.6887641450592533
  },
  "n1": 466,
  "n2": 457,
  "pos1": 162,
  "pos2": 260
}